testingwps1@gmail.com,Bakalarka123
test1wps@gmail.com,Testingwps
test2wps@gmail.com,Testingwps
test3wps@gmail.com,Testingwps
test4wps@gmail.com,Testingwps
test5wps@gmail.com,Testingwps
test6wps@gmail.com,Testingwps
test7wps@gmail.com,Testingwps
test8wps@gmail.com,Testingwps
test9wps@gmail.com,Testingwps
test10wps@gmail.com,Testingwps
test11wps@gmail.com,Testingwps
test12wps@gmail.com,Testingwps
test13wps@gmail.com,Testingwps
test14wps@gmail.com,Testingwps
test15wps@gmail.com,Testingwps
test16wps@gmail.com,Testingwps
test17wps@gmail.com,Testingwps
test18wps@gmail.com,Testingwps
test19wps@gmail.com,Testingwps
test20wps@gmail.com,Testingwps
test21wps@gmail.com,Testingwps
